[
    {
        "epoch": 1,
        "iteration": 707,
        "train/loss": 0.160066831509202,
        "train/loss_grapheme": 0.10099578778690209,
        "train/loss_vowel": 0.03445617419626706,
        "train/loss_consonant": 0.024614869585310804,
        "train/acc_grapheme": 0.9742596357681458,
        "train/acc_vowel": 0.9893586456859972,
        "train/acc_consonant": 0.9922703765912305,
        "train/recall": 0.9842120935898857,
        "valid/loss": 0.39748516244978843,
        "valid/loss_grapheme": 0.23564419612477097,
        "valid/loss_vowel": 0.07749151195623452,
        "valid/loss_consonant": 0.0843494553472611,
        "valid/acc_grapheme": 0.9505520923228203,
        "valid/acc_vowel": 0.9843647698812847,
        "valid/acc_consonant": 0.9827722612815567,
        "valid/recall": 0.9622219559049159,
        "lr": 0.0005,
        "elapsed_time": 1757.218525028
    },
    {
        "epoch": 2,
        "iteration": 1414,
        "train/loss": 0.5196371776548437,
        "train/loss_grapheme": 0.3258471543962581,
        "train/loss_vowel": 0.1088901197095171,
        "train/loss_consonant": 0.08489990376246911,
        "train/acc_grapheme": 0.9138083451202264,
        "train/acc_vowel": 0.964385166195191,
        "train/acc_consonant": 0.9710871198727016,
        "train/recall": 0.9431173374060552,
        "valid/loss": 0.3429705708087245,
        "valid/loss_grapheme": 0.20721793957526172,
        "valid/loss_vowel": 0.0675230641743239,
        "valid/loss_consonant": 0.06822956549121609,
        "valid/acc_grapheme": 0.9519570462311371,
        "valid/acc_vowel": 0.9842164312736897,
        "valid/acc_consonant": 0.9841175388686264,
        "valid/recall": 0.9601647765031702,
        "lr": 0.0005,
        "elapsed_time": 3494.026250741
    },
    {
        "epoch": 3,
        "iteration": 2121,
        "train/loss": 0.4686465835175049,
        "train/loss_grapheme": 0.2959142871295883,
        "train/loss_vowel": 0.09680592126965186,
        "train/loss_consonant": 0.07592637530005046,
        "train/acc_grapheme": 0.9210329738668201,
        "train/acc_vowel": 0.9676836545261669,
        "train/acc_consonant": 0.9742088048090524,
        "train/recall": 0.9483059343999765,
        "valid/loss": 0.3357850392408009,
        "valid/loss_grapheme": 0.19679369381334208,
        "valid/loss_vowel": 0.06638832715681836,
        "valid/loss_consonant": 0.07260301783445137,
        "valid/acc_grapheme": 0.9541718952263458,
        "valid/acc_vowel": 0.9845625546914113,
        "valid/acc_consonant": 0.9840084163448478,
        "valid/recall": 0.9613869582361712,
        "lr": 0.0005,
        "elapsed_time": 5233.6646359549995
    },
    {
        "epoch": 4,
        "iteration": 2828,
        "train/loss": 0.43999397057033496,
        "train/loss_grapheme": 0.27563701926228684,
        "train/loss_vowel": 0.09200083838757311,
        "train/loss_consonant": 0.07235611356067691,
        "train/acc_grapheme": 0.9265448196436762,
        "train/acc_vowel": 0.9695400901697313,
        "train/acc_consonant": 0.9752475247524752,
        "train/recall": 0.9516798076012619,
        "valid/loss": 0.33837172464479376,
        "valid/loss_grapheme": 0.2024659147556824,
        "valid/loss_vowel": 0.06720367836754156,
        "valid/loss_consonant": 0.06870213290971197,
        "valid/acc_grapheme": 0.9526987392691117,
        "valid/acc_vowel": 0.9845523245726959,
        "valid/acc_consonant": 0.9844142160838163,
        "valid/recall": 0.9611171494637853,
        "lr": 0.0005,
        "elapsed_time": 6986.1044536399995
    },
    {
        "epoch": 5,
        "iteration": 3535,
        "train/loss": 0.43150347538682327,
        "train/loss_grapheme": 0.2710319060668918,
        "train/loss_vowel": 0.09044404629660083,
        "train/loss_consonant": 0.07002752357790881,
        "train/acc_grapheme": 0.9273028642655767,
        "train/acc_vowel": 0.9700483999292786,
        "train/acc_consonant": 0.9760210396039604,
        "train/recall": 0.9527586594542983,
        "valid/loss": 0.3438968916859808,
        "valid/loss_grapheme": 0.2040151426497894,
        "valid/loss_vowel": 0.06958888581942153,
        "valid/loss_consonant": 0.07029286519730393,
        "valid/acc_grapheme": 0.953578540795966,
        "valid/acc_vowel": 0.9842164312736897,
        "valid/acc_consonant": 0.9843153236787531,
        "valid/recall": 0.9600611755241277,
        "lr": 0.0005,
        "elapsed_time": 8762.798116812
    },
    {
        "epoch": 6,
        "iteration": 4242,
        "train/loss": 0.6097398360682681,
        "train/loss_grapheme": 0.3787617446720347,
        "train/loss_vowel": 0.1276708171193131,
        "train/loss_consonant": 0.1033072739080796,
        "train/acc_grapheme": 0.900738154223144,
        "train/acc_vowel": 0.9578611209166606,
        "train/acc_consonant": 0.9651807814710043,
        "train/recall": 0.9326064907341728,
        "valid/loss": 0.3169217792492879,
        "valid/loss_grapheme": 0.18880446047722538,
        "valid/loss_vowel": 0.06311517978039911,
        "valid/loss_consonant": 0.06500213779509068,
        "valid/acc_grapheme": 0.953578540795966,
        "valid/acc_vowel": 0.9849086781091327,
        "valid/acc_consonant": 0.9846614470964745,
        "valid/recall": 0.962934132426582,
        "lr": 0.0005,
        "elapsed_time": 10537.578859941
    },
    {
        "epoch": 7,
        "iteration": 4949,
        "train/loss": 0.5904121078561354,
        "train/loss_grapheme": 0.36565758481811433,
        "train/loss_vowel": 0.12441334668994793,
        "train/loss_consonant": 0.10034117691450696,
        "train/acc_grapheme": 0.9028620049673564,
        "train/acc_vowel": 0.9591926714824315,
        "train/acc_consonant": 0.9657631277026347,
        "train/recall": 0.934754672601808,
        "valid/loss": 0.30542754844019687,
        "valid/loss_grapheme": 0.1829181580415255,
        "valid/loss_vowel": 0.05848828032377023,
        "valid/loss_consonant": 0.0640211117135573,
        "valid/acc_grapheme": 0.9538752180111559,
        "valid/acc_vowel": 0.9854525863369809,
        "valid/acc_consonant": 0.984463662286348,
        "valid/recall": 0.9623064396012991,
        "lr": 0.0005,
        "elapsed_time": 12315.741346448001
    },
    {
        "epoch": 8,
        "iteration": 5656,
        "train/loss": 0.5788201043932913,
        "train/loss_grapheme": 0.3584637928548594,
        "train/loss_vowel": 0.12160199090754126,
        "train/loss_consonant": 0.09875431941371658,
        "train/acc_grapheme": 0.9042510166026578,
        "train/acc_vowel": 0.9596512552872406,
        "train/acc_consonant": 0.966409565114233,
        "train/recall": 0.9358495216634425,
        "valid/loss": 0.3020066952780832,
        "valid/loss_grapheme": 0.1806948218919054,
        "valid/loss_vowel": 0.05759804945769189,
        "valid/loss_consonant": 0.0637138233036746,
        "valid/acc_grapheme": 0.9562588658513902,
        "valid/acc_vowel": 0.9862437255774872,
        "valid/acc_consonant": 0.9849086781091327,
        "valid/recall": 0.9644222988421229,
        "lr": 0.0005,
        "elapsed_time": 14110.485181531001
    },
    {
        "epoch": 9,
        "iteration": 6363,
        "train/loss": 0.5695731578318368,
        "train/loss_grapheme": 0.3525681722661562,
        "train/loss_vowel": 0.11967711752910257,
        "train/loss_consonant": 0.09732786873210607,
        "train/acc_grapheme": 0.9051085131340351,
        "train/acc_vowel": 0.9601827705597776,
        "train/acc_consonant": 0.966943290311174,
        "train/recall": 0.935611504487067,
        "valid/loss": 0.29708969347839115,
        "valid/loss_grapheme": 0.17766050428529329,
        "valid/loss_vowel": 0.057895912146313656,
        "valid/loss_consonant": 0.06153327987022415,
        "valid/acc_grapheme": 0.9545674648465989,
        "valid/acc_vowel": 0.985907832278481,
        "valid/acc_consonant": 0.9843153236787531,
        "valid/recall": 0.9620200998005163,
        "lr": 0.0005,
        "elapsed_time": 15870.374222632001
    },
    {
        "epoch": 10,
        "iteration": 7070,
        "train/loss": 0.5608405754117682,
        "train/loss_grapheme": 0.3464246949726318,
        "train/loss_vowel": 0.11828280245829927,
        "train/loss_consonant": 0.09613307811783513,
        "train/acc_grapheme": 0.9074180074763264,
        "train/acc_vowel": 0.9613297825318247,
        "train/acc_consonant": 0.9675400017680339,
        "train/recall": 0.9372908085527318,
        "valid/loss": 0.3079756571899486,
        "valid/loss_grapheme": 0.1850230714565591,
        "valid/loss_vowel": 0.059229504116634024,
        "valid/loss_consonant": 0.06372307868721554,
        "valid/acc_grapheme": 0.9550619268719154,
        "valid/acc_vowel": 0.9855514787420442,
        "valid/acc_consonant": 0.9843153236787531,
        "valid/recall": 0.9653373149516687,
        "lr": 0.0005,
        "elapsed_time": 17626.797218907002
    },
    {
        "epoch": 11,
        "iteration": 7777,
        "train/loss": 0.5489580817151778,
        "train/loss_grapheme": 0.34063501748792524,
        "train/loss_vowel": 0.11529102655657195,
        "train/loss_consonant": 0.09303203510196914,
        "train/acc_grapheme": 0.9080412393749351,
        "train/acc_vowel": 0.9621916990806223,
        "train/acc_consonant": 0.9683643475786126,
        "train/recall": 0.9373632509128876,
        "valid/loss": 0.30499731041962586,
        "valid/loss_grapheme": 0.18151726168167742,
        "valid/loss_vowel": 0.06107728792755287,
        "valid/loss_consonant": 0.06240276366330778,
        "valid/acc_grapheme": 0.9543406948258605,
        "valid/acc_vowel": 0.9850075705141961,
        "valid/acc_consonant": 0.9842658774762214,
        "valid/recall": 0.964315147691866,
        "lr": 0.0005,
        "elapsed_time": 19379.641865025
    },
    {
        "epoch": 12,
        "iteration": 8484,
        "train/loss": 0.5459734997283957,
        "train/loss_grapheme": 0.3379887065506386,
        "train/loss_vowel": 0.11490472980486453,
        "train/loss_consonant": 0.093080062276909,
        "train/acc_grapheme": 0.9089981878157889,
        "train/acc_vowel": 0.9619850601468768,
        "train/acc_consonant": 0.9677190152556758,
        "train/recall": 0.9384951504298955,
        "valid/loss": 0.2989627986769133,
        "valid/loss_grapheme": 0.17868636001514482,
        "valid/loss_vowel": 0.05914390552788973,
        "valid/loss_consonant": 0.06113253387657902,
        "valid/acc_grapheme": 0.9545180186440673,
        "valid/acc_vowel": 0.9858976021597657,
        "valid/acc_consonant": 0.9851064629192594,
        "valid/recall": 0.9644640967813433,
        "lr": 0.0005,
        "elapsed_time": 21146.673201164
    }
]