[
    {
        "epoch": 1,
        "iteration": 2511,
        "train/loss": 0.5414954787336155,
        "train/loss_grapheme": 0.7817275450602104,
        "train/loss_vowel": 0.3635036838258539,
        "train/loss_consonant": 0.23902313827593863,
        "train/acc_grapheme": 0.0,
        "train/acc_vowel": 0.0,
        "train/acc_consonant": 0.0,
        "train/recall": 0.5229782687261265,
        "valid/loss": 0.19019713962248935,
        "valid/loss_grapheme": 0.24209928568333958,
        "valid/loss_vowel": 0.17253383775805212,
        "valid/loss_consonant": 0.10405614905676265,
        "valid/acc_grapheme": 0.9491839172543993,
        "valid/acc_vowel": 0.9846735668789809,
        "valid/acc_consonant": 0.9841510748407644,
        "valid/recall": 0.9604598626004498,
        "lr": 0.001,
        "elapsed_time": 7805.033966712001
    },
    {
        "epoch": 2,
        "iteration": 5022,
        "train/loss": 0.5176540593561401,
        "train/loss_grapheme": 0.7427874852890948,
        "train/loss_vowel": 0.35164182878713957,
        "train/loss_consonant": 0.23339943642923122,
        "train/acc_grapheme": 0.0,
        "train/acc_vowel": 0.0,
        "train/acc_consonant": 0.0,
        "train/recall": 0.5503082168595339,
        "valid/loss": 0.17147969583844302,
        "valid/loss_grapheme": 0.21047783908167272,
        "valid/loss_vowel": 0.14728416144183487,
        "valid/loss_consonant": 0.11767894352317616,
        "valid/acc_grapheme": 0.9509205812481558,
        "valid/acc_vowel": 0.985046775477707,
        "valid/acc_consonant": 0.9839520302547771,
        "valid/recall": 0.960093596921713,
        "lr": 0.001,
        "elapsed_time": 15638.595547141002
    }
]